"","date","num_admin","num_hosp","prop_hosp","precipitacion","horas_de_frio","Humedad","Temperatura","time","dow","num_azul","num_verde","num_amarillo","num_naranja","num_rojo"
"1",2017-01-01,323,69,0.213622291021672,0.8,7.7,74,8.7,1,"domingo",0,0.452012383900929,0.371517027863777,0.170278637770898,0.00619195046439629
"2",2017-01-02,449,86,0.191536748329621,2,0,69,11.3,2,"lunes",0.0111358574610245,0.44097995545657,0.418708240534521,0.129175946547884,0
"3",2017-01-03,430,96,0.223255813953488,4.8,0,79,12.7,3,"martes",0.0116279069767442,0.4,0.411627906976744,0.176744186046512,0
"4",2017-01-04,400,66,0.165,1.3,0,89,13.4,4,"miércoles",0.0125,0.52,0.36,0.105,0.0025
"5",2017-01-05,302,50,0.165562913907285,0,0,81,14.3,5,"jueves",0.00662251655629139,0.423841059602649,0.417218543046358,0.149006622516556,0.0033112582781457
"6",2017-01-06,301,54,0.179401993355482,0,1.2,75,11,6,"viernes",0.00996677740863787,0.408637873754153,0.438538205980066,0.13953488372093,0.00332225913621262
"7",2017-01-07,319,61,0.191222570532915,0,4.7,64,9.7,7,"sábado",0.00313479623824451,0.489028213166144,0.366771159874608,0.134796238244514,0.00626959247648903
"8",2017-01-08,291,59,0.202749140893471,0,9,63,9.1,8,"domingo",0.0103092783505155,0.450171821305842,0.391752577319588,0.144329896907216,0.00343642611683849
"9",2017-01-09,399,82,0.205513784461153,0,8.2,69,9.5,9,"lunes",0.0025062656641604,0.513784461152882,0.411027568922306,0.0701754385964912,0.0025062656641604
"10",2017-01-10,366,70,0.191256830601093,0.3,1.8,87,10.3,10,"martes",0.040983606557377,0.560109289617486,0.297814207650273,0.0983606557377049,0.00273224043715847
"11",2017-01-11,375,75,0.2,0,0,89,11.9,11,"miércoles",0.00266666666666667,0.368,0.474666666666667,0.154666666666667,0
"12",2017-01-12,333,77,0.231231231231231,2.6,0,93,10.6,12,"jueves",0.018018018018018,0.429429429429429,0.411411411411411,0.141141141141141,0
"13",2017-01-13,339,61,0.179941002949853,0,8.7,76,8.1,13,"viernes",0.0176991150442478,0.466076696165192,0.353982300884956,0.162241887905605,0
"14",2017-01-14,271,47,0.173431734317343,0,12.2,76,7.1,14,"sábado",0.00738007380073801,0.328413284132841,0.516605166051661,0.140221402214022,0.00738007380073801
"15",2017-01-15,289,58,0.200692041522491,0,10.8,74,8.6,15,"domingo",0.00346020761245675,0.453287197231834,0.411764705882353,0.131487889273356,0
"16",2017-01-16,380,88,0.231578947368421,0,9,73,9.5,16,"lunes",0.0236842105263158,0.376315789473684,0.431578947368421,0.160526315789474,0.00789473684210526
"17",2017-01-17,355,63,0.177464788732394,0,1.7,64,11.6,17,"martes",0.0169014084507042,0.388732394366197,0.450704225352113,0.143661971830986,0
"18",2017-01-18,334,64,0.191616766467066,0,13,46,6.8,18,"miércoles",0.0269461077844311,0.377245508982036,0.455089820359281,0.137724550898204,0.0029940119760479
"19",2017-01-19,326,50,0.153374233128834,0,18.2,58,4.3,19,"jueves",0.0122699386503067,0.515337423312883,0.334355828220859,0.131901840490798,0.00613496932515337
"20",2017-01-20,349,73,0.209169054441261,0,12.2,53,7,20,"viernes",0.00859598853868195,0.401146131805158,0.389684813753582,0.200573065902579,0
"21",2017-01-21,279,65,0.232974910394265,0,11.5,66,8.3,21,"sábado",0.014336917562724,0.344086021505376,0.469534050179211,0.164874551971326,0.00716845878136201
"22",2017-01-22,304,53,0.174342105263158,0,11.8,73,8,22,"domingo",0.00657894736842105,0.401315789473684,0.447368421052632,0.141447368421053,0.00328947368421053
"23",2017-01-23,423,99,0.234042553191489,0,14.5,72,7.1,23,"lunes",0.0118203309692671,0.439716312056738,0.380614657210402,0.16548463356974,0.00236406619385343
"24",2017-01-24,379,77,0.203166226912929,0,14,75,7.6,24,"martes",0.00527704485488127,0.298153034300792,0.569920844327177,0.12401055408971,0.00263852242744063
"25",2017-01-25,382,72,0.18848167539267,0.4,9.2,63,9.1,25,"miércoles",0.00261780104712042,0.371727748691099,0.471204188481675,0.154450261780105,0
"26",2017-01-26,360,69,0.191666666666667,1.4,0,83,11.3,26,"jueves",0.0166666666666667,0.380555555555556,0.436111111111111,0.158333333333333,0.00555555555555556
"27",2017-01-27,396,83,0.20959595959596,17.9,0,87,8.8,27,"viernes",0.0101010101010101,0.444444444444444,0.416666666666667,0.128787878787879,0
"28",2017-01-28,326,60,0.184049079754601,2.1,0,85,10.5,28,"sábado",0.0122699386503067,0.377300613496933,0.450920245398773,0.159509202453988,0
"29",2017-01-29,345,64,0.185507246376812,10.8,0,94,13.1,29,"domingo",0.00579710144927536,0.36231884057971,0.47536231884058,0.156521739130435,0
"30",2017-01-30,441,100,0.226757369614512,4,0,87,13.4,30,"lunes",0.0090702947845805,0.374149659863946,0.444444444444444,0.172335600907029,0
"31",2017-01-31,369,73,0.197831978319783,24.8,0,90,11.2,31,"martes",0.00542005420054201,0.371273712737127,0.46070460704607,0.16260162601626,0
"32",2017-02-01,368,58,0.157608695652174,2.6,0,86,11.8,32,"miércoles",0.00543478260869565,0.459239130434783,0.402173913043478,0.133152173913043,0
"33",2017-02-02,336,63,0.1875,20.7,0,82,11.4,33,"jueves",0.00595238095238095,0.342261904761905,0.50297619047619,0.148809523809524,0
"34",2017-02-03,337,74,0.219584569732938,20.6,0,79,12.8,34,"viernes",0.0207715133531157,0.456973293768546,0.391691394658754,0.127596439169139,0.0029673590504451
"35",2017-02-04,293,72,0.245733788395904,23.8,0,89,12.9,35,"sábado",0.0068259385665529,0.416382252559727,0.416382252559727,0.156996587030717,0.00341296928327645
"36",2017-02-05,284,61,0.214788732394366,1.1,0,69,10.7,36,"domingo",0,0.514084507042254,0.341549295774648,0.144366197183099,0
"37",2017-02-06,412,80,0.194174757281553,7.3,0,85,13.4,37,"lunes",0,0.410194174757282,0.427184466019417,0.162621359223301,0
"38",2017-02-07,359,58,0.161559888579387,1,1.3,79,10.9,38,"martes",0.00557103064066852,0.554317548746518,0.334261838440111,0.105849582172702,0
"39",2017-02-08,347,45,0.129682997118156,0,12.7,73,7.9,39,"miércoles",0.00864553314121038,0.512968299711816,0.345821325648415,0.132564841498559,0
"40",2017-02-09,337,51,0.1513353115727,9.2,12.2,67,8.9,40,"jueves",0.00593471810089021,0.42433234421365,0.427299703264095,0.142433234421365,0
"41",2017-02-10,344,58,0.168604651162791,6.6,9.7,74,8.1,41,"viernes",0,0.444767441860465,0.436046511627907,0.113372093023256,0.00581395348837209
"42",2017-02-11,268,44,0.164179104477612,0,0.3,59,10.3,42,"sábado",0.0111940298507463,0.395522388059701,0.436567164179104,0.156716417910448,0
"43",2017-02-12,277,55,0.1985559566787,6.5,2.5,80,9.2,43,"domingo",0.0072202166064982,0.433212996389892,0.407942238267148,0.148014440433213,0.0036101083032491
"44",2017-02-13,391,72,0.184143222506394,4,0,85,10.9,44,"lunes",0.0051150895140665,0.491048593350384,0.388746803069054,0.112531969309463,0.00255754475703325
"45",2017-02-14,312,52,0.166666666666667,3.9,0,82,11.9,45,"martes",0.032051282051282,0.461538461538462,0.371794871794872,0.125,0.00961538461538462
"46",2017-02-15,371,61,0.164420485175202,1.3,0,78,14.1,46,"miércoles",0.00808625336927224,0.37466307277628,0.433962264150943,0.177897574123989,0.00539083557951483
"47",2017-02-16,345,60,0.173913043478261,0,0,62,14,47,"jueves",0.0202898550724638,0.330434782608696,0.47536231884058,0.171014492753623,0.00289855072463768
"48",2017-02-17,387,45,0.116279069767442,0,0,69,12.6,48,"viernes",0.00516795865633075,0.478036175710594,0.410852713178295,0.10077519379845,0.00516795865633075
"49",2017-02-18,291,47,0.161512027491409,11.9,0,84,11.1,49,"sábado",0.00343642611683849,0.498281786941581,0.388316151202749,0.109965635738832,0
"50",2017-02-19,294,44,0.149659863945578,0,1.2,69,12.5,50,"domingo",0.0136054421768707,0.517006802721088,0.377551020408163,0.0918367346938776,0
"51",2017-02-20,380,75,0.197368421052632,0,0,67,13.7,51,"lunes",0.00526315789473684,0.418421052631579,0.434210526315789,0.142105263157895,0
"52",2017-02-21,381,71,0.186351706036745,0,0,65,14.9,52,"martes",0,0.427821522309711,0.417322834645669,0.146981627296588,0.0078740157480315
"53",2017-02-22,355,64,0.180281690140845,0,0,65,15.2,53,"miércoles",0.0338028169014084,0.487323943661972,0.332394366197183,0.140845070422535,0.00563380281690141
"54",2017-02-23,320,58,0.18125,0,0,76,12.7,54,"jueves",0.0125,0.484375,0.35625,0.146875,0
"55",2017-02-24,364,59,0.162087912087912,0,0,64,13.7,55,"viernes",0.0137362637362637,0.510989010989011,0.348901098901099,0.120879120879121,0.00549450549450549
"56",2017-02-25,250,35,0.14,0,0,75,11.6,56,"sábado",0.004,0.548,0.36,0.088,0
"57",2017-02-26,244,41,0.168032786885246,0.6,0,85,11.6,57,"domingo",0.00819672131147541,0.381147540983607,0.44672131147541,0.163934426229508,0
"58",2017-02-27,325,66,0.203076923076923,4.9,0,84,11.3,58,"lunes",0.0215384615384615,0.48,0.372307692307692,0.12,0.00615384615384615
"59",2017-02-28,359,48,0.133704735376045,6.3,0,87,11.4,59,"martes",0.00835654596100279,0.526462395543176,0.337047353760446,0.125348189415042,0.00278551532033426
"60",2017-03-01,355,64,0.180281690140845,1.2,0,85,12.3,60,"miércoles",0.0112676056338028,0.492957746478873,0.388732394366197,0.0985915492957746,0.00845070422535211
"61",2017-03-02,332,57,0.171686746987952,0.9,0,79,12.8,61,"jueves",0.00602409638554217,0.469879518072289,0.403614457831325,0.117469879518072,0.00301204819277108
"62",2017-03-03,382,74,0.193717277486911,36.2,5.3,82,8.4,62,"viernes",0.00785340314136126,0.536649214659686,0.361256544502618,0.0916230366492147,0.00261780104712042
"63",2017-03-04,289,41,0.141868512110727,2.5,8.7,80,9,63,"sábado",0,0.404844290657439,0.453287197231834,0.141868512110727,0
"64",2017-03-05,267,48,0.179775280898876,12.8,0,94,13.1,64,"domingo",0.00749063670411985,0.524344569288389,0.374531835205993,0.0936329588014981,0
"65",2017-03-06,423,66,0.156028368794326,3.1,0,91,13.6,65,"lunes",0.00945626477541371,0.373522458628842,0.472813238770686,0.137115839243499,0.00709219858156028
"66",2017-03-07,352,75,0.213068181818182,2.4,0,95,12.6,66,"martes",0.00284090909090909,0.355113636363636,0.497159090909091,0.144886363636364,0
"67",2017-03-08,346,48,0.138728323699422,0,0,85,13,67,"miércoles",0.00867052023121387,0.369942196531792,0.508670520231214,0.11271676300578,0
"68",2017-03-09,340,56,0.164705882352941,0,0,62,17.4,68,"jueves",0.00294117647058824,0.320588235294118,0.532352941176471,0.144117647058824,0
"69",2017-03-10,377,48,0.127320954907162,0,0,53,19,69,"viernes",0.00795755968169761,0.469496021220159,0.392572944297082,0.127320954907162,0.0026525198938992
"70",2017-03-11,280,48,0.171428571428571,0.9,0,82,13.4,70,"sábado",0.00714285714285714,0.592857142857143,0.303571428571429,0.0964285714285714,0
"71",2017-03-12,285,51,0.178947368421053,2.4,0,72,11.9,71,"domingo",0.00701754385964912,0.424561403508772,0.378947368421053,0.175438596491228,0.0140350877192982
"72",2017-03-13,321,56,0.174454828660436,0,0,59,12.3,72,"lunes",0.00623052959501558,0.454828660436137,0.417445482866044,0.118380062305296,0.00311526479750779
"73",2017-03-14,340,64,0.188235294117647,0,0,53,16.4,73,"martes",0.00294117647058824,0.479411764705882,0.417647058823529,0.0970588235294118,0.00294117647058824
"74",2017-03-15,321,48,0.149532710280374,0,0,51,17.2,74,"miércoles",0.0186915887850467,0.514018691588785,0.383177570093458,0.0809968847352025,0.00311526479750779
"75",2017-03-16,338,66,0.195266272189349,0,0,51,15.8,75,"jueves",0.0029585798816568,0.600591715976331,0.245562130177515,0.142011834319527,0.00887573964497041
"76",2017-03-17,361,57,0.157894736842105,0,0,51,17.5,76,"viernes",0.00554016620498615,0.523545706371191,0.351800554016621,0.119113573407202,0
"77",2017-03-18,286,54,0.188811188811189,0,0,66,15.9,77,"sábado",0.0034965034965035,0.465034965034965,0.423076923076923,0.108391608391608,0
"78",2017-03-19,286,47,0.164335664335664,0,0,76,13.4,78,"domingo",0.0034965034965035,0.437062937062937,0.412587412587413,0.146853146853147,0
"79",2017-03-20,420,72,0.171428571428571,0,0,76,11.7,79,"lunes",0.0238095238095238,0.502380952380952,0.345238095238095,0.126190476190476,0.00238095238095238
"80",2017-03-21,350,45,0.128571428571429,5.4,0,73,11.5,80,"martes",0.0114285714285714,0.514285714285714,0.36,0.111428571428571,0.00285714285714286
"81",2017-03-22,338,55,0.162721893491124,12.9,5,78,7.8,81,"miércoles",0.0207100591715976,0.514792899408284,0.340236686390533,0.118343195266272,0.00591715976331361
"82",2017-03-23,364,54,0.148351648351648,4.5,14.2,83,6.4,82,"jueves",0.0137362637362637,0.5,0.348901098901099,0.129120879120879,0.00824175824175824
"83",2017-03-24,343,54,0.157434402332362,0,12.3,78,7.4,83,"viernes",0.0145772594752187,0.501457725947522,0.346938775510204,0.137026239067055,0
"84",2017-03-25,283,42,0.148409893992933,0,6.5,59,10.4,84,"sábado",0.00706713780918728,0.480565371024735,0.395759717314488,0.11660777385159,0
"85",2017-03-26,289,47,0.162629757785467,8.1,0,80,10,85,"domingo",0.00346020761245675,0.536332179930796,0.332179930795848,0.1280276816609,0
"86",2017-03-27,411,62,0.150851581508516,1.4,0,78,12,86,"lunes",0.0024330900243309,0.489051094890511,0.396593673965937,0.10705596107056,0.0048661800486618
"87",2017-03-28,328,53,0.161585365853659,0,0,68,14.4,87,"martes",0.0121951219512195,0.432926829268293,0.448170731707317,0.103658536585366,0.00304878048780488
"88",2017-03-29,415,71,0.171084337349398,0,0,59,16.2,88,"miércoles",0.00240963855421687,0.496385542168675,0.366265060240964,0.132530120481928,0.00240963855421687
"89",2017-03-30,335,53,0.158208955223881,3.9,0,68,14.7,89,"jueves",0.0208955223880597,0.576119402985075,0.313432835820896,0.0895522388059701,0
"90",2017-03-31,371,60,0.161725067385445,6.1,0,84,12.4,90,"viernes",0.0296495956873315,0.439353099730458,0.393530997304582,0.132075471698113,0.00539083557951483
"91",2017-04-01,278,32,0.115107913669065,0.6,0,73,12.5,91,"sábado",0,0.435251798561151,0.446043165467626,0.115107913669065,0.00359712230215827
"92",2017-04-02,313,47,0.150159744408946,0,0,71,13,92,"domingo",0.00638977635782748,0.495207667731629,0.373801916932907,0.124600638977636,0
"93",2017-04-03,338,50,0.14792899408284,0,0,74,13.4,93,"lunes",0.0266272189349112,0.600591715976331,0.281065088757396,0.0917159763313609,0
"94",2017-04-04,380,53,0.139473684210526,0,0,53,15.7,94,"martes",0.0236842105263158,0.468421052631579,0.378947368421053,0.123684210526316,0.00526315789473684
"95",2017-04-05,333,53,0.159159159159159,0,0,51,17.3,95,"miércoles",0.018018018018018,0.531531531531532,0.339339339339339,0.108108108108108,0.003003003003003
"96",2017-04-06,329,50,0.151975683890578,0,0,55,16.3,96,"jueves",0.0121580547112462,0.474164133738602,0.39209726443769,0.115501519756839,0.0060790273556231
"97",2017-04-07,340,57,0.167647058823529,0,0,51,18.4,97,"viernes",0.0294117647058824,0.570588235294118,0.279411764705882,0.117647058823529,0.00294117647058824
"98",2017-04-08,330,55,0.166666666666667,0,0,65,15.5,98,"sábado",0.0151515151515152,0.43030303030303,0.357575757575758,0.196969696969697,0
"99",2017-04-09,316,42,0.132911392405063,0,0,51,18.4,99,"domingo",0,0.531645569620253,0.360759493670886,0.10126582278481,0.00632911392405063
"100",2017-04-10,382,74,0.193717277486911,0,0,45,21.3,100,"lunes",0.0654450261780105,0.50261780104712,0.31151832460733,0.117801047120419,0.00261780104712042
"101",2017-04-11,353,48,0.135977337110482,0,0,49,19.8,101,"martes",0.0084985835694051,0.464589235127479,0.405099150141643,0.118980169971671,0.0028328611898017
"102",2017-04-12,377,61,0.161803713527851,0,0,63,16.2,102,"miércoles",0.0159151193633952,0.514588859416446,0.363395225464191,0.103448275862069,0.0026525198938992
"103",2017-04-13,295,51,0.172881355932203,0,0,79,13.5,103,"jueves",0.0101694915254237,0.56271186440678,0.288135593220339,0.138983050847458,0
"104",2017-04-14,318,45,0.141509433962264,0,0,77,14.8,104,"viernes",0.0251572327044025,0.610062893081761,0.257861635220126,0.106918238993711,0
"105",2017-04-15,287,39,0.13588850174216,0,0,71,15.1,105,"sábado",0.00348432055749129,0.574912891986063,0.337979094076655,0.0801393728222996,0.00348432055749129
"106",2017-04-16,265,46,0.173584905660377,0,0,60,17.5,106,"domingo",0.0150943396226415,0.543396226415094,0.324528301886792,0.116981132075472,0
"107",2017-04-17,399,65,0.162907268170426,0,0,80,14.8,107,"lunes",0.0300751879699248,0.533834586466165,0.308270676691729,0.12781954887218,0
"108",2017-04-18,374,56,0.149732620320856,0,0,71,17.2,108,"martes",0.0106951871657754,0.545454545454545,0.315508021390374,0.128342245989305,0
"109",2017-04-19,376,48,0.127659574468085,0,0,45,19.4,109,"miércoles",0.00531914893617021,0.531914893617021,0.356382978723404,0.103723404255319,0.00265957446808511
"110",2017-04-20,323,36,0.111455108359133,0,0,41,20.4,110,"jueves",0.00619195046439629,0.473684210526316,0.402476780185758,0.114551083591331,0.00309597523219814
"111",2017-04-21,376,53,0.140957446808511,0,0,41,20,111,"viernes",0.0106382978723404,0.545212765957447,0.351063829787234,0.0904255319148936,0.00265957446808511
"112",2017-04-22,327,66,0.201834862385321,0,0,62,17.1,112,"sábado",0.00305810397553517,0.446483180428135,0.425076452599388,0.116207951070336,0.00917431192660551
"113",2017-04-23,303,62,0.204620462046205,0,0,66,16.3,113,"domingo",0.0066006600660066,0.448844884488449,0.396039603960396,0.145214521452145,0.0033003300330033
"114",2017-04-24,421,65,0.154394299287411,0,0,77,14.3,114,"lunes",0.00950118764845606,0.460807600950119,0.377672209026128,0.152019002375297,0
"115",2017-04-25,366,55,0.150273224043716,0,0,74,13.8,115,"martes",0.046448087431694,0.617486338797814,0.229508196721311,0.10655737704918,0
"116",2017-04-26,328,47,0.143292682926829,0,0,48,11.8,116,"miércoles",0.00914634146341463,0.490853658536585,0.356707317073171,0.143292682926829,0
"117",2017-04-27,340,64,0.188235294117647,0,3.7,42,12.1,117,"jueves",0.0147058823529412,0.447058823529412,0.385294117647059,0.15,0.00294117647058824
"118",2017-04-28,329,63,0.191489361702128,0,0,41,13.7,118,"viernes",0.00911854103343465,0.462006079027356,0.376899696048632,0.148936170212766,0.00303951367781155
"119",2017-04-29,294,46,0.156462585034014,1.3,0,60,13,119,"sábado",0,0.551020408163265,0.30952380952381,0.139455782312925,0
"120",2017-04-30,251,37,0.147410358565737,6,0,69,11.5,120,"domingo",0,0.537848605577689,0.342629482071713,0.119521912350598,0
"121",2017-05-01,322,60,0.186335403726708,0,0,69,11.9,121,"lunes",0.0031055900621118,0.531055900621118,0.341614906832298,0.118012422360248,0.0062111801242236
"122",2017-05-02,337,71,0.210682492581602,0,0,68,14.8,122,"martes",0.0148367952522255,0.454005934718101,0.388724035608309,0.13946587537092,0.0029673590504451
"123",2017-05-03,378,59,0.156084656084656,0,0,54,20.3,123,"miércoles",0.0211640211640212,0.462962962962963,0.373015873015873,0.142857142857143,0
"124",2017-05-04,328,60,0.182926829268293,0,0,60,19.7,124,"jueves",0.0304878048780488,0.530487804878049,0.283536585365854,0.152439024390244,0.00304878048780488
"125",2017-05-05,346,49,0.141618497109827,20.6,0,83,13.9,125,"viernes",0.0202312138728324,0.517341040462428,0.358381502890173,0.104046242774566,0
"126",2017-05-06,293,57,0.194539249146758,2.4,0,69,16.2,126,"sábado",0,0.313993174061433,0.443686006825939,0.242320819112628,0
"127",2017-05-07,269,40,0.148698884758364,0,0,61,18.8,127,"domingo",0.00371747211895911,0.572490706319703,0.33457249070632,0.0892193308550186,0
"128",2017-05-08,410,77,0.18780487804878,0,0,64,19.8,128,"lunes",0.0146341463414634,0.585365853658537,0.297560975609756,0.102439024390244,0
"129",2017-05-09,346,52,0.15028901734104,5.6,0,76,17.4,129,"martes",0.0173410404624277,0.468208092485549,0.38150289017341,0.132947976878613,0
"130",2017-05-10,331,54,0.163141993957704,14.9,0,84,15.4,130,"miércoles",0.00604229607250755,0.492447129909366,0.401812688821752,0.0966767371601208,0.00302114803625378
"131",2017-05-11,310,50,0.161290322580645,21.9,0,87,14.4,131,"jueves",0.00967741935483871,0.580645161290323,0.27741935483871,0.129032258064516,0.0032258064516129
"132",2017-05-12,385,72,0.187012987012987,9.8,0,88,14.4,132,"viernes",0.00779220779220779,0.516883116883117,0.376623376623377,0.0961038961038961,0.0025974025974026
"133",2017-05-13,286,44,0.153846153846154,5.8,0,83,14.9,133,"sábado",0.0244755244755245,0.517482517482518,0.328671328671329,0.125874125874126,0.0034965034965035
"134",2017-05-14,275,31,0.112727272727273,0,0,78,17.3,134,"domingo",0,0.570909090909091,0.338181818181818,0.0909090909090909,0
"135",2017-05-15,393,61,0.155216284987277,0,0,81,18.3,135,"lunes",0.0203562340966921,0.569974554707379,0.297709923664122,0.106870229007634,0.00508905852417303
"136",2017-05-16,360,66,0.183333333333333,0,0,80,18.9,136,"martes",0.0277777777777778,0.513888888888889,0.327777777777778,0.127777777777778,0.00277777777777778
"137",2017-05-17,304,40,0.131578947368421,0,0,81,15.9,137,"miércoles",0.0131578947368421,0.572368421052632,0.3125,0.0953947368421053,0.00657894736842105
"138",2017-05-18,370,59,0.159459459459459,0,0,68,13.7,138,"jueves",0.00810810810810811,0.57027027027027,0.337837837837838,0.0837837837837838,0
"139",2017-05-19,333,34,0.102102102102102,0,0,68,14.3,139,"viernes",0.024024024024024,0.564564564564565,0.315315315315315,0.0960960960960961,0
"140",2017-05-20,281,46,0.163701067615658,0,0,69,17,140,"sábado",0.00355871886120996,0.501779359430605,0.384341637010676,0.106761565836299,0.00355871886120996
"141",2017-05-21,261,51,0.195402298850575,0,0,57,21.5,141,"domingo",0.0153256704980843,0.448275862068966,0.383141762452107,0.149425287356322,0.00383141762452107
"142",2017-05-22,358,63,0.175977653631285,0,0,73,18.7,142,"lunes",0.0111731843575419,0.449720670391061,0.416201117318436,0.120111731843575,0.00279329608938547
"143",2017-05-23,359,54,0.15041782729805,0,0,51,25,143,"martes",0.00278551532033426,0.520891364902507,0.356545961002786,0.119777158774373,0
"144",2017-05-24,380,67,0.176315789473684,0,0,44,26.2,144,"miércoles",0.0210526315789474,0.471052631578947,0.378947368421053,0.126315789473684,0.00263157894736842
"145",2017-05-25,390,48,0.123076923076923,0,0,79,19.9,145,"jueves",0.00769230769230769,0.402564102564103,0.448717948717949,0.138461538461538,0.00256410256410256
"146",2017-05-26,370,60,0.162162162162162,21.2,0,92,16.5,146,"viernes",0.00540540540540541,0.486486486486487,0.367567567567568,0.135135135135135,0.00540540540540541
"147",2017-05-27,333,49,0.147147147147147,0,0,86,17.1,147,"sábado",0.00600600600600601,0.507507507507508,0.381381381381381,0.105105105105105,0
"148",2017-05-28,311,49,0.157556270096463,5.1,0,85,17.4,148,"domingo",0.0160771704180064,0.559485530546624,0.29903536977492,0.122186495176849,0.00321543408360129
"149",2017-05-29,406,62,0.152709359605911,0,0,83,17.4,149,"lunes",0.00985221674876847,0.568965517241379,0.32512315270936,0.0960591133004926,0
"150",2017-05-30,362,50,0.138121546961326,0,0,77,17.6,150,"martes",0.00828729281767956,0.582872928176796,0.323204419889503,0.0801104972375691,0.00552486187845304
"151",2017-05-31,383,54,0.140992167101828,0,0,82,18,151,"miércoles",0.00522193211488251,0.64490861618799,0.263707571801567,0.0861618798955614,0
"152",2017-06-01,351,54,0.153846153846154,0,0,84,17.1,152,"jueves",0.0113960113960114,0.444444444444444,0.43019943019943,0.113960113960114,0
"153",2017-06-02,327,57,0.174311926605505,0,0,81,17.4,153,"viernes",0.018348623853211,0.483180428134557,0.385321100917431,0.113149847094801,0
"154",2017-06-03,286,39,0.136363636363636,0,0,65,17.3,154,"sábado",0.0104895104895105,0.486013986013986,0.391608391608392,0.111888111888112,0
"155",2017-06-04,270,36,0.133333333333333,0,0,68,16.3,155,"domingo",0.0037037037037037,0.57037037037037,0.314814814814815,0.111111111111111,0
"156",2017-06-05,379,49,0.129287598944591,2.4,0,81,16,156,"lunes",0.0079155672823219,0.562005277044855,0.343007915567282,0.0844327176781003,0.00263852242744063
"157",2017-06-06,348,70,0.201149425287356,0.5,0,71,16.8,157,"martes",0.00574712643678161,0.451149425287356,0.405172413793103,0.132183908045977,0.00574712643678161
"158",2017-06-07,370,54,0.145945945945946,0,0,64,17.1,158,"miércoles",0.0162162162162162,0.586486486486486,0.27027027027027,0.127027027027027,0
"159",2017-06-08,360,53,0.147222222222222,0,0,76,16.9,159,"jueves",0.00555555555555556,0.547222222222222,0.341666666666667,0.105555555555556,0
"160",2017-06-09,366,51,0.139344262295082,0.3,0,75,18.1,160,"viernes",0.00819672131147541,0.445355191256831,0.385245901639344,0.16120218579235,0
"161",2017-06-10,304,45,0.148026315789474,0,0,75,18.5,161,"sábado",0.00328947368421053,0.5,0.375,0.118421052631579,0.00328947368421053
"162",2017-06-11,266,49,0.184210526315789,0,0,75,20.4,162,"domingo",0.0037593984962406,0.481203007518797,0.379699248120301,0.135338345864662,0
"163",2017-06-12,401,56,0.139650872817955,0,0,68,21.6,163,"lunes",0.00748129675810474,0.521197007481297,0.341645885286783,0.129675810473815,0
"164",2017-06-13,340,46,0.135294117647059,3,0,75,21.3,164,"martes",0.00882352941176471,0.520588235294118,0.329411764705882,0.138235294117647,0.00294117647058824
"165",2017-06-14,354,50,0.141242937853107,0,0,78,20.1,165,"miércoles",0.0141242937853107,0.5,0.364406779661017,0.121468926553672,0
"166",2017-06-15,353,57,0.161473087818697,0,0,67,21.9,166,"jueves",0.0141643059490085,0.594900849858357,0.252124645892351,0.135977337110482,0.0028328611898017
"167",2017-06-16,378,43,0.113756613756614,0,0,62,23.5,167,"viernes",0.00264550264550265,0.452380952380952,0.412698412698413,0.12962962962963,0.00264550264550265
"168",2017-06-17,289,35,0.121107266435986,0,0,67,24.8,168,"sábado",0.0103806228373702,0.522491349480969,0.321799307958477,0.145328719723183,0
"169",2017-06-18,285,46,0.16140350877193,0,0,68,23.9,169,"domingo",0.0105263157894737,0.480701754385965,0.371929824561403,0.133333333333333,0.00350877192982456
"170",2017-06-19,375,69,0.184,0,0,71,23.1,170,"lunes",0,0.584,0.293333333333333,0.122666666666667,0
"171",2017-06-20,352,67,0.190340909090909,0,0,51,27.4,171,"martes",0.00852272727272727,0.559659090909091,0.3125,0.113636363636364,0.00568181818181818
"172",2017-06-21,383,50,0.130548302872063,0,0,83,20.7,172,"miércoles",0.0182767624020888,0.519582245430809,0.342036553524804,0.117493472584856,0.00261096605744125
"173",2017-06-22,338,47,0.13905325443787,0,0,76,20,173,"jueves",0.00887573964497041,0.630177514792899,0.257396449704142,0.103550295857988,0
"174",2017-06-23,383,44,0.114882506527415,0,0,75,18.9,174,"viernes",0.00261096605744125,0.451697127937337,0.404699738903394,0.138381201044386,0.00261096605744125
"175",2017-06-24,354,54,0.152542372881356,0,0,74,18.8,175,"sábado",0.0141242937853107,0.471751412429379,0.378531073446328,0.132768361581921,0.00282485875706215
"176",2017-06-25,307,51,0.166123778501629,0,0,70,19.6,176,"domingo",0.00651465798045603,0.543973941368078,0.322475570032573,0.127035830618893,0
"177",2017-06-26,439,67,0.152619589977221,0,0,72,20,177,"lunes",0.00683371298405467,0.496583143507973,0.364464692482916,0.132118451025057,0
"178",2017-06-27,350,47,0.134285714285714,1.1,0,84,18.6,178,"martes",0,0.52,0.351428571428571,0.128571428571429,0
"179",2017-06-28,345,52,0.150724637681159,8.6,0,79,17.2,179,"miércoles",0.00869565217391304,0.515942028985507,0.388405797101449,0.0840579710144927,0.00289855072463768
"180",2017-06-29,350,46,0.131428571428571,2.1,0,75,15.8,180,"jueves",0,0.528571428571429,0.354285714285714,0.111428571428571,0.00571428571428571
"181",2017-06-30,315,38,0.120634920634921,0,0,68,16.5,181,"viernes",0.00317460317460317,0.587301587301587,0.282539682539683,0.126984126984127,0
"182",2017-07-01,299,39,0.130434782608696,0,0,69,17.1,182,"sábado",0.0100334448160535,0.498327759197324,0.361204013377926,0.127090301003344,0.00334448160535117
"183",2017-07-02,307,41,0.133550488599349,0,0,63,22.3,183,"domingo",0.00325732899022801,0.521172638436482,0.332247557003257,0.140065146579805,0.00325732899022801
"184",2017-07-03,401,55,0.13715710723192,0,0,51,27.1,184,"lunes",0.00498753117206983,0.56857855361596,0.311720698254364,0.112219451371571,0.00249376558603491
"185",2017-07-04,370,49,0.132432432432432,0,0,63,23.6,185,"martes",0.0108108108108108,0.472972972972973,0.345945945945946,0.17027027027027,0
"186",2017-07-05,328,46,0.140243902439024,0,0,75,18.9,186,"miércoles",0.00304878048780488,0.496951219512195,0.353658536585366,0.13719512195122,0.00914634146341463
"187",2017-07-06,334,50,0.149700598802395,3.9,0,85,18.2,187,"jueves",0.0119760479041916,0.55688622754491,0.311377245508982,0.119760479041916,0
"188",2017-07-07,351,59,0.168091168091168,0,0,88,18.6,188,"viernes",0.0142450142450142,0.455840455840456,0.404558404558405,0.122507122507123,0.00284900284900285
"189",2017-07-08,317,46,0.145110410094637,0,0,79,20.8,189,"sábado",0.0157728706624606,0.548895899053628,0.309148264984227,0.123028391167192,0.00315457413249211
"190",2017-07-09,301,46,0.152823920265781,0,0,80,19,190,"domingo",0.00664451827242525,0.558139534883721,0.325581395348837,0.109634551495017,0
"191",2017-07-10,397,58,0.146095717884131,0,0,76,19.6,191,"lunes",0.0100755667506297,0.443324937027708,0.430730478589421,0.113350125944584,0.00251889168765743
"192",2017-07-11,357,53,0.148459383753501,0,0,77,18.5,192,"martes",0.00840336134453781,0.406162464985994,0.495798319327731,0.0896358543417367,0
"193",2017-07-12,375,51,0.136,0,0,78,20.9,193,"miércoles",0.0186666666666667,0.354666666666667,0.453333333333333,0.168,0.00533333333333333
"194",2017-07-13,329,62,0.188449848024316,0,0,70,22.8,194,"jueves",0.0182370820668693,0.407294832826748,0.434650455927052,0.139817629179331,0
"195",2017-07-14,378,64,0.169312169312169,0,0,59,24,195,"viernes",0.00793650793650794,0.523809523809524,0.333333333333333,0.134920634920635,0
"196",2017-07-15,285,49,0.171929824561404,0,0,56,26.3,196,"sábado",0.0140350877192982,0.470175438596491,0.36140350877193,0.150877192982456,0.00350877192982456
"197",2017-07-16,317,53,0.167192429022082,0,0,71,22.1,197,"domingo",0,0.413249211356467,0.435331230283912,0.151419558359621,0
"198",2017-07-17,404,65,0.160891089108911,0,0,88,17.9,198,"lunes",0.00247524752475248,0.554455445544555,0.329207920792079,0.111386138613861,0.00247524752475248
"199",2017-07-18,386,48,0.124352331606218,0,0,78,19.2,199,"martes",0.00518134715025907,0.484455958549223,0.393782383419689,0.113989637305699,0.00259067357512953
"200",2017-07-19,369,50,0.13550135501355,3.2,0,86,18.4,200,"miércoles",0.010840108401084,0.485094850948509,0.37940379403794,0.121951219512195,0.002710027100271
"201",2017-07-20,353,53,0.15014164305949,0,0,69,18,201,"jueves",0.0368271954674221,0.509915014164306,0.356940509915014,0.0934844192634561,0.0028328611898017
"202",2017-07-21,381,60,0.15748031496063,0,0,72,17.5,202,"viernes",0.0183727034120735,0.545931758530184,0.338582677165354,0.0971128608923885,0
"203",2017-07-22,317,55,0.173501577287066,2.1,0,80,18.3,203,"sábado",0.00630914826498423,0.517350157728707,0.350157728706625,0.123028391167192,0.00315457413249211
"204",2017-07-23,322,47,0.145962732919255,0,0,79,18.6,204,"domingo",0.0062111801242236,0.503105590062112,0.363354037267081,0.127329192546584,0
"205",2017-07-24,442,49,0.110859728506787,0,0,70,21.1,205,"lunes",0.0158371040723982,0.531674208144796,0.35972850678733,0.0927601809954751,0
"206",2017-07-25,266,36,0.135338345864662,0,0,62,21.8,206,"martes",0,0.575187969924812,0.315789473684211,0.109022556390977,0
"207",2017-07-26,360,56,0.155555555555556,0,0,74,19.6,207,"miércoles",0,0.552777777777778,0.333333333333333,0.111111111111111,0.00277777777777778
"208",2017-07-27,383,65,0.169712793733681,0.7,0,88,19.4,208,"jueves",0.0182767624020888,0.506527415143603,0.35509138381201,0.114882506527415,0.00522193211488251
"209",2017-07-28,351,53,0.150997150997151,0.5,0,77,20.4,209,"viernes",0.00854700854700855,0.498575498575499,0.378917378917379,0.113960113960114,0
"210",2017-07-29,330,52,0.157575757575758,1.1,0,89,20.8,210,"sábado",0.0181818181818182,0.439393939393939,0.448484848484848,0.0939393939393939,0
"211",2017-07-30,297,51,0.171717171717172,0,0,77,19,211,"domingo",0,0.531986531986532,0.35016835016835,0.117845117845118,0
"212",2017-07-31,402,54,0.134328358208955,0,0,72,18.5,212,"lunes",0.0149253731343284,0.59452736318408,0.281094527363184,0.109452736318408,0
"213",2017-08-01,358,44,0.122905027932961,0,0,75,17.9,213,"martes",0.0251396648044693,0.567039106145251,0.304469273743017,0.103351955307263,0
"214",2017-08-02,387,71,0.183462532299742,0,0,74,19.5,214,"miércoles",0.0155038759689922,0.565891472868217,0.299741602067183,0.116279069767442,0.00258397932816537
"215",2017-08-03,380,52,0.136842105263158,0.9,0,82,20.9,215,"jueves",0.0105263157894737,0.605263157894737,0.294736842105263,0.0894736842105263,0
"216",2017-08-04,385,60,0.155844155844156,2.5,0,90,21.2,216,"viernes",0.0103896103896104,0.506493506493506,0.353246753246753,0.12987012987013,0
"217",2017-08-05,299,44,0.147157190635452,0.5,0,70,20.8,217,"sábado",0,0.474916387959866,0.414715719063545,0.110367892976589,0
"218",2017-08-06,279,40,0.14336917562724,0,0,59,22.5,218,"domingo",0.010752688172043,0.519713261648746,0.362007168458781,0.10752688172043,0
"219",2017-08-07,433,61,0.140877598152425,0,0,70,18.8,219,"lunes",0.0023094688221709,0.579676674364896,0.327944572748268,0.0877598152424942,0.0023094688221709
"220",2017-08-08,382,55,0.143979057591623,0,0,68,17.4,220,"martes",0.0104712041884817,0.471204188481675,0.410994764397906,0.102094240837696,0.00523560209424084
"221",2017-08-09,342,40,0.116959064327485,0,0,58,18.3,221,"miércoles",0.0087719298245614,0.631578947368421,0.269005847953216,0.087719298245614,0.00292397660818713
"222",2017-08-10,400,58,0.145,0,0,53,20.1,222,"jueves",0.0125,0.5575,0.31,0.12,0
"223",2017-08-11,411,43,0.104622871046229,0,0,52,22.2,223,"viernes",0.0048661800486618,0.600973236009732,0.294403892944039,0.0997566909975669,0
"224",2017-08-12,313,35,0.111821086261981,0,0,52,23.3,224,"sábado",0.0223642172523962,0.463258785942492,0.4185303514377,0.0926517571884984,0.00319488817891374
"225",2017-08-13,335,53,0.158208955223881,0,0,56,23.5,225,"domingo",0,0.438805970149254,0.42089552238806,0.140298507462687,0
"226",2017-08-14,490,60,0.122448979591837,0,0,85,18.3,226,"lunes",0.0122448979591837,0.557142857142857,0.328571428571429,0.102040816326531,0
"227",2017-08-15,294,48,0.163265306122449,0,0,80,18.4,227,"martes",0,0.602040816326531,0.282312925170068,0.112244897959184,0.00340136054421769
"228",2017-08-16,352,50,0.142045454545455,0,0,75,19.4,228,"miércoles",0.00852272727272727,0.582386363636364,0.321022727272727,0.0852272727272727,0.00284090909090909
"229",2017-08-17,386,60,0.155440414507772,0,0,77,21.2,229,"jueves",0.0310880829015544,0.458549222797927,0.367875647668394,0.142487046632124,0
"230",2017-08-18,344,49,0.142441860465116,0,0,76,21.5,230,"viernes",0.0145348837209302,0.587209302325581,0.27906976744186,0.116279069767442,0.00290697674418605
"231",2017-08-19,328,41,0.125,0,0,61,23,231,"sábado",0.0152439024390244,0.576219512195122,0.295731707317073,0.11280487804878,0
"232",2017-08-20,323,44,0.136222910216718,0,0,45,26.8,232,"domingo",0.00309597523219814,0.563467492260062,0.318885448916409,0.114551083591331,0
"233",2017-08-21,405,63,0.155555555555556,0,0,57,24.5,233,"lunes",0.0123456790123457,0.562962962962963,0.301234567901235,0.120987654320988,0.00246913580246914
"234",2017-08-22,381,54,0.141732283464567,0,0,80,19.9,234,"martes",0.0183727034120735,0.538057742782152,0.309711286089239,0.133858267716535,0
"235",2017-08-23,372,42,0.112903225806452,0,0,75,20.5,235,"miércoles",0.0161290322580645,0.462365591397849,0.39247311827957,0.129032258064516,0
"236",2017-08-24,346,54,0.15606936416185,0,0,84,18.3,236,"jueves",0.00867052023121387,0.514450867052023,0.34393063583815,0.130057803468208,0.00289017341040462
"237",2017-08-25,338,47,0.13905325443787,0,0,76,18.6,237,"viernes",0.00591715976331361,0.571005917159763,0.29585798816568,0.127218934911243,0
"238",2017-08-26,303,50,0.165016501650165,0,0,71,20.2,238,"sábado",0,0.580858085808581,0.32013201320132,0.099009900990099,0
"239",2017-08-27,324,36,0.111111111111111,0.3,0,85,18.8,239,"domingo",0.00308641975308642,0.546296296296296,0.361111111111111,0.0833333333333333,0.00617283950617284
"240",2017-08-28,369,52,0.140921409214092,0.3,0,80,19.9,240,"lunes",0.013550135501355,0.482384823848238,0.382113821138211,0.116531165311653,0.00542005420054201
"241",2017-08-29,366,56,0.153005464480874,3.4,0,92,18.5,241,"martes",0.0245901639344262,0.475409836065574,0.407103825136612,0.0901639344262295,0.00273224043715847
"242",2017-08-30,345,63,0.182608695652174,0,0,87,18.6,242,"miércoles",0.00579710144927536,0.568115942028986,0.301449275362319,0.121739130434783,0.00289855072463768
"243",2017-08-31,345,55,0.159420289855072,0,0,65,19.4,243,"jueves",0.0173913043478261,0.507246376811594,0.353623188405797,0.115942028985507,0.00579710144927536
"244",2017-09-01,332,40,0.120481927710843,0,0,57,19.5,244,"viernes",0.0210843373493976,0.475903614457831,0.373493975903614,0.129518072289157,0
"245",2017-09-02,306,32,0.104575163398693,0,0,56,19.2,245,"sábado",0.00326797385620915,0.503267973856209,0.362745098039216,0.130718954248366,0
"246",2017-09-03,266,44,0.165413533834586,1.7,0,77,18.6,246,"domingo",0,0.43984962406015,0.413533834586466,0.146616541353383,0
"247",2017-09-04,385,55,0.142857142857143,1.6,0,89,19.1,247,"lunes",0.00779220779220779,0.477922077922078,0.387012987012987,0.127272727272727,0
"248",2017-09-05,352,49,0.139204545454545,0,0,82,19.6,248,"martes",0.0113636363636364,0.389204545454545,0.480113636363636,0.116477272727273,0.00284090909090909
"249",2017-09-06,339,60,0.176991150442478,0,0,61,21.8,249,"miércoles",0.0117994100294985,0.469026548672566,0.386430678466077,0.132743362831858,0
"250",2017-09-07,336,45,0.133928571428571,0,0,62,19.8,250,"jueves",0.00595238095238095,0.4375,0.416666666666667,0.136904761904762,0.00297619047619048
"251",2017-09-08,374,59,0.157754010695187,0.3,0,80,17,251,"viernes",0.0133689839572193,0.502673796791444,0.387700534759358,0.0962566844919786,0
"252",2017-09-09,266,34,0.12781954887218,0.3,0,80,16.9,252,"sábado",0.0037593984962406,0.616541353383459,0.259398496240602,0.109022556390977,0.0112781954887218
"253",2017-09-10,283,37,0.130742049469965,0,0,78,16.5,253,"domingo",0,0.530035335689046,0.360424028268551,0.109540636042403,0
"254",2017-09-11,370,43,0.116216216216216,2.2,0,82,18,254,"lunes",0.00540540540540541,0.532432432432432,0.32972972972973,0.12972972972973,0.0027027027027027
"255",2017-09-12,335,54,0.161194029850746,5,0,89,17.5,255,"martes",0.00597014925373134,0.6,0.298507462686567,0.0925373134328358,0.00298507462686567
"256",2017-09-13,335,52,0.155223880597015,0,0,81,19.2,256,"miércoles",0.026865671641791,0.53134328358209,0.316417910447761,0.125373134328358,0
"257",2017-09-14,326,48,0.147239263803681,1.7,0,68,18.2,257,"jueves",0.0184049079754601,0.592024539877301,0.303680981595092,0.0828220858895705,0.00306748466257669
"258",2017-09-15,334,37,0.110778443113772,0,0,63,15.6,258,"viernes",0.0149700598802395,0.467065868263473,0.401197604790419,0.116766467065868,0
"259",2017-09-16,273,42,0.153846153846154,0,0,70,14.5,259,"sábado",0.00732600732600733,0.468864468864469,0.362637362637363,0.161172161172161,0
"260",2017-09-17,293,42,0.143344709897611,1.8,0,72,15.1,260,"domingo",0.00341296928327645,0.484641638225256,0.382252559726962,0.126279863481229,0.00341296928327645
"261",2017-09-18,351,51,0.145299145299145,0.5,0,86,16.8,261,"lunes",0.0199430199430199,0.501424501424501,0.37037037037037,0.108262108262108,0
"262",2017-09-19,325,55,0.169230769230769,0,0,80,16.5,262,"martes",0.00615384615384615,0.566153846153846,0.341538461538462,0.0861538461538462,0
"263",2017-09-20,353,47,0.13314447592068,0,0,80,16.6,263,"miércoles",0.0453257790368272,0.546742209631728,0.334277620396601,0.0736543909348442,0
"264",2017-09-21,329,46,0.139817629179331,4.3,0,83,16.7,264,"jueves",0.00911854103343465,0.47112462006079,0.364741641337386,0.155015197568389,0
"265",2017-09-22,351,66,0.188034188034188,0,0,76,17.1,265,"viernes",0,0.535612535612536,0.356125356125356,0.108262108262108,0
"266",2017-09-23,296,33,0.111486486486486,0,0,84,15.8,266,"sábado",0.0236486486486486,0.513513513513513,0.337837837837838,0.121621621621622,0.00337837837837838
"267",2017-09-24,293,42,0.143344709897611,1.3,0,88,15.4,267,"domingo",0,0.484641638225256,0.41296928327645,0.102389078498294,0
"268",2017-09-25,395,55,0.139240506329114,0,0,85,17.1,268,"lunes",0.010126582278481,0.562025316455696,0.324050632911392,0.10379746835443,0
"269",2017-09-26,406,63,0.155172413793103,0,0,79,16.7,269,"martes",0.0221674876847291,0.416256157635468,0.399014778325123,0.16256157635468,0
"270",2017-09-27,334,59,0.176646706586826,0,0,73,18.4,270,"miércoles",0.0029940119760479,0.559880239520958,0.329341317365269,0.107784431137725,0
"271",2017-09-28,379,62,0.163588390501319,0,0,87,17.6,271,"jueves",0.0079155672823219,0.472295514511873,0.385224274406332,0.129287598944591,0.00527704485488127
"272",2017-09-29,375,45,0.12,0.5,0,89,17.1,272,"viernes",0.0186666666666667,0.506666666666667,0.325333333333333,0.149333333333333,0
"273",2017-09-30,296,41,0.138513513513514,0,0,77,17.3,273,"sábado",0.0101351351351351,0.476351351351351,0.351351351351351,0.155405405405405,0.00675675675675676
"274",2017-10-01,325,44,0.135384615384615,0,0,79,19.2,274,"domingo",0.00615384615384615,0.455384615384615,0.363076923076923,0.163076923076923,0.0123076923076923
"275",2017-10-02,425,61,0.143529411764706,0,0,81,19.7,275,"lunes",0,0.482352941176471,0.418823529411765,0.0988235294117647,0
"276",2017-10-03,361,53,0.146814404432133,0,0,83,18.8,276,"martes",0.0138504155124654,0.487534626038781,0.365650969529086,0.132963988919668,0
"277",2017-10-04,372,51,0.137096774193548,0,0,85,17,277,"miércoles",0.0161290322580645,0.478494623655914,0.344086021505376,0.158602150537634,0.00268817204301075
"278",2017-10-05,340,53,0.155882352941176,0,0,93,14.7,278,"jueves",0.00294117647058824,0.538235294117647,0.352941176470588,0.102941176470588,0.00294117647058824
"279",2017-10-06,342,57,0.166666666666667,0,0,69,20.3,279,"viernes",0.0233918128654971,0.45906432748538,0.400584795321637,0.116959064327485,0
"280",2017-10-07,334,57,0.170658682634731,0,0,50,21.9,280,"sábado",0,0.514970059880239,0.344311377245509,0.140718562874251,0
"281",2017-10-08,326,45,0.138036809815951,0,0,44,21.8,281,"domingo",0.0153374233128834,0.533742331288344,0.358895705521472,0.0889570552147239,0.00306748466257669
"282",2017-10-09,431,80,0.185614849187935,0,0,52,18.8,282,"lunes",0.0185614849187935,0.526682134570766,0.357308584686775,0.0974477958236659,0
"283",2017-10-10,377,63,0.16710875331565,0,0,56,18.1,283,"martes",0.00795755968169761,0.411140583554377,0.472148541114058,0.106100795755968,0.0026525198938992
"284",2017-10-11,389,51,0.131105398457584,0,0,74,15.7,284,"miércoles",0.0077120822622108,0.503856041131105,0.38560411311054,0.0976863753213368,0.0051413881748072
"285",2017-10-12,279,38,0.136200716845878,0,0,73,17.3,285,"jueves",0.014336917562724,0.473118279569892,0.376344086021505,0.132616487455197,0.003584229390681
"286",2017-10-13,376,57,0.151595744680851,0,0,66,16.1,286,"viernes",0.0212765957446809,0.388297872340426,0.441489361702128,0.146276595744681,0.00265957446808511
"287",2017-10-14,293,36,0.122866894197952,0,0,62,19.3,287,"sábado",0.0102389078498294,0.51877133105802,0.344709897610922,0.126279863481229,0
"288",2017-10-15,315,59,0.187301587301587,0,0,35,26.6,288,"domingo",0.00952380952380952,0.419047619047619,0.387301587301587,0.184126984126984,0
"289",2017-10-16,379,61,0.160949868073879,6.5,0,88,16.7,289,"lunes",0.0079155672823219,0.445910290237467,0.432717678100264,0.113456464379947,0
"290",2017-10-17,363,69,0.190082644628099,12.5,0,83,15.4,290,"martes",0.0110192837465565,0.388429752066116,0.471074380165289,0.126721763085399,0.00275482093663912
"291",2017-10-18,407,59,0.144963144963145,2.2,0,81,14.7,291,"miércoles",0.00982800982800983,0.452088452088452,0.395577395577396,0.142506142506143,0
"292",2017-10-19,337,53,0.15727002967359,3.7,0,89,14.8,292,"jueves",0.0148367952522255,0.471810089020772,0.388724035608309,0.124629080118694,0
"293",2017-10-20,367,51,0.138964577656676,9.3,0,90,17.5,293,"viernes",0.00817438692098093,0.482288828337875,0.403269754768392,0.103542234332425,0.00272479564032698
"294",2017-10-21,331,37,0.11178247734139,0,0,79,14.5,294,"sábado",0.00302114803625378,0.501510574018127,0.374622356495468,0.120845921450151,0
"295",2017-10-22,264,36,0.136363636363636,0,0,73,13.3,295,"domingo",0.0113636363636364,0.5,0.363636363636364,0.121212121212121,0.00378787878787879
"296",2017-10-23,378,48,0.126984126984127,0,0,69,14.8,296,"lunes",0.0132275132275132,0.484126984126984,0.407407407407407,0.0952380952380952,0
"297",2017-10-24,310,43,0.138709677419355,0,0,48,18.7,297,"martes",0.00645161290322581,0.503225806451613,0.367741935483871,0.12258064516129,0
"298",2017-10-25,326,41,0.125766871165644,0,0,54,19,298,"miércoles",0.0184049079754601,0.47239263803681,0.429447852760736,0.0797546012269939,0
"299",2017-10-26,334,49,0.146706586826347,0,0,69,19.5,299,"jueves",0.0179640718562874,0.431137724550898,0.437125748502994,0.107784431137725,0.00598802395209581
"300",2017-10-27,358,49,0.136871508379888,0,0,45,23.6,300,"viernes",0.0139664804469274,0.483240223463687,0.385474860335196,0.114525139664804,0.00279329608938547
"301",2017-10-28,335,45,0.134328358208955,0,0,39,23,301,"sábado",0.00895522388059702,0.483582089552239,0.349253731343284,0.158208955223881,0
"302",2017-10-29,310,41,0.132258064516129,0,0,53,19.4,302,"domingo",0.00645161290322581,0.348387096774194,0.52258064516129,0.12258064516129,0
"303",2017-10-30,392,67,0.170918367346939,0,0,61,17.4,303,"lunes",0.0076530612244898,0.436224489795918,0.385204081632653,0.170918367346939,0
"304",2017-10-31,346,61,0.176300578034682,0,0,57,16.9,304,"martes",0.0115606936416185,0.465317919075145,0.378612716763006,0.141618497109827,0.00289017341040462
"305",2017-11-01,294,53,0.180272108843537,1.5,0,64,17.3,305,"miércoles",0.0170068027210884,0.472789115646259,0.384353741496599,0.119047619047619,0.00680272108843537
"306",2017-11-02,360,52,0.144444444444444,12.2,0,85,16.4,306,"jueves",0.00277777777777778,0.516666666666667,0.361111111111111,0.116666666666667,0.00277777777777778
"307",2017-11-03,338,56,0.165680473372781,25.2,0,91,14.1,307,"viernes",0.00591715976331361,0.390532544378698,0.449704142011834,0.150887573964497,0.0029585798816568
"308",2017-11-04,302,56,0.185430463576159,0,0,82,14.6,308,"sábado",0.00662251655629139,0.516556291390728,0.33112582781457,0.142384105960265,0.0033112582781457
"309",2017-11-05,280,32,0.114285714285714,0,0,75,11.9,309,"domingo",0,0.496428571428571,0.378571428571429,0.125,0
"310",2017-11-06,387,61,0.157622739018088,0,0,75,12.2,310,"lunes",0.00258397932816537,0.475452196382429,0.382428940568475,0.13953488372093,0
"311",2017-11-07,345,52,0.150724637681159,0,0,83,10.9,311,"martes",0.00579710144927536,0.48695652173913,0.379710144927536,0.127536231884058,0
"312",2017-11-08,292,49,0.167808219178082,0,0,70,11.3,312,"miércoles",0.00684931506849315,0.493150684931507,0.36986301369863,0.13013698630137,0
"313",2017-11-09,324,53,0.16358024691358,0,0,79,11.4,313,"jueves",0.00617283950617284,0.459876543209877,0.410493827160494,0.123456790123457,0
"314",2017-11-10,363,58,0.159779614325069,0,0,78,13.6,314,"viernes",0.0110192837465565,0.509641873278237,0.31404958677686,0.165289256198347,0
"315",2017-11-11,288,53,0.184027777777778,0,0,76,12.7,315,"sábado",0,0.472222222222222,0.385416666666667,0.142361111111111,0
"316",2017-11-12,288,42,0.145833333333333,1,0,84,12.9,316,"domingo",0.00347222222222222,0.506944444444444,0.357638888888889,0.131944444444444,0
"317",2017-11-13,375,61,0.162666666666667,0,0,71,12.6,317,"lunes",0.00266666666666667,0.429333333333333,0.418666666666667,0.149333333333333,0
"318",2017-11-14,311,55,0.176848874598071,0,0,62,11.3,318,"martes",0.0160771704180064,0.536977491961415,0.302250803858521,0.144694533762058,0
"319",2017-11-15,368,63,0.171195652173913,0,0,60,12.3,319,"miércoles",0.0271739130434783,0.53804347826087,0.315217391304348,0.119565217391304,0
"320",2017-11-16,325,48,0.147692307692308,0,0,69,11.8,320,"jueves",0.00615384615384615,0.489230769230769,0.350769230769231,0.147692307692308,0.00615384615384615
"321",2017-11-17,378,70,0.185185185185185,0,0,72,12.6,321,"viernes",0.0132275132275132,0.542328042328042,0.351851851851852,0.0925925925925926,0
"322",2017-11-18,293,46,0.156996587030717,0,0,64,14.2,322,"sábado",0.0273037542662116,0.36518771331058,0.467576791808874,0.136518771331058,0.00341296928327645
"323",2017-11-19,304,41,0.134868421052632,0,0,57,14.5,323,"domingo",0.00328947368421053,0.411184210526316,0.407894736842105,0.177631578947368,0
"324",2017-11-20,395,90,0.227848101265823,0,0,53,14.3,324,"lunes",0.0354430379746835,0.50126582278481,0.326582278481013,0.131645569620253,0.00506329113924051
"325",2017-11-21,354,59,0.166666666666667,0,0,53,15.4,325,"martes",0.0169491525423729,0.451977401129944,0.389830508474576,0.138418079096045,0.00282485875706215
"326",2017-11-22,388,57,0.146907216494845,9.3,0,62,16.9,326,"miércoles",0,0.365979381443299,0.512886597938144,0.121134020618557,0
"327",2017-11-23,393,68,0.173027989821883,11.3,0,89,15.7,327,"jueves",0.00508905852417303,0.491094147582697,0.368956743002545,0.132315521628499,0.00254452926208651
"328",2017-11-24,390,69,0.176923076923077,24.4,0,97,14.2,328,"viernes",0.00256410256410256,0.346153846153846,0.492307692307692,0.158974358974359,0
"329",2017-11-25,321,46,0.143302180685358,0,0,73,12,329,"sábado",0,0.35202492211838,0.46417445482866,0.183800623052959,0
"330",2017-11-26,274,41,0.14963503649635,0,0,67,10.5,330,"domingo",0.0218978102189781,0.470802919708029,0.321167883211679,0.178832116788321,0.0072992700729927
"331",2017-11-27,362,71,0.196132596685083,0,5.3,64,9.8,331,"lunes",0,0.541436464088398,0.350828729281768,0.107734806629834,0
"332",2017-11-28,377,59,0.156498673740053,0,8.2,68,9.8,332,"martes",0.00530503978779841,0.456233421750663,0.392572944297082,0.145888594164456,0
"333",2017-11-29,342,79,0.230994152046784,0,8.3,69,8.7,333,"miércoles",0.0175438596491228,0.467836257309941,0.388888888888889,0.12280701754386,0.00292397660818713
"334",2017-11-30,305,60,0.19672131147541,0,12.7,70,7.5,334,"jueves",0,0.39672131147541,0.462295081967213,0.137704918032787,0.00327868852459016
"335",2017-12-01,333,64,0.192192192192192,0,13.2,75,7.8,335,"viernes",0.03003003003003,0.522522522522523,0.345345345345345,0.0990990990990991,0.003003003003003
"336",2017-12-02,281,52,0.185053380782918,0,12.8,69,7.2,336,"sábado",0.0177935943060498,0.387900355871886,0.419928825622776,0.167259786476868,0.00711743772241993
"337",2017-12-03,270,44,0.162962962962963,0,12.2,69,8,337,"domingo",0.0037037037037037,0.451851851851852,0.366666666666667,0.177777777777778,0
"338",2017-12-04,408,68,0.166666666666667,0,10,64,8.7,338,"lunes",0.0147058823529412,0.526960784313726,0.340686274509804,0.115196078431373,0.00245098039215686
"339",2017-12-05,350,71,0.202857142857143,0,11.5,64,8.9,339,"martes",0.0114285714285714,0.405714285714286,0.411428571428571,0.171428571428571,0
"340",2017-12-06,283,55,0.19434628975265,0,8,60,9.8,340,"miércoles",0.00353356890459364,0.406360424028269,0.441696113074205,0.148409893992933,0
"341",2017-12-07,343,75,0.21865889212828,7.6,0,73,11.4,341,"jueves",0.0233236151603499,0.507288629737609,0.332361516034985,0.134110787172012,0.00291545189504373
"342",2017-12-08,306,58,0.189542483660131,5.6,0,97,12.8,342,"viernes",0.00326797385620915,0.34640522875817,0.467320261437909,0.183006535947712,0
"343",2017-12-09,356,73,0.205056179775281,1,0,96,13.7,343,"sábado",0.0140449438202247,0.528089887640449,0.337078651685393,0.117977528089888,0.00280898876404494
"344",2017-12-10,286,58,0.202797202797203,65.6,0,94,14.1,344,"domingo",0,0.444055944055944,0.398601398601399,0.153846153846154,0.0034965034965035
"345",2017-12-11,417,89,0.213429256594724,10.9,4.8,80,8.4,345,"lunes",0.00719424460431655,0.354916067146283,0.446043165467626,0.189448441247002,0.00239808153477218
"346",2017-12-12,332,63,0.189759036144578,0,8.8,82,8.4,346,"martes",0.0331325301204819,0.536144578313253,0.307228915662651,0.117469879518072,0.00602409638554217
"347",2017-12-13,370,70,0.189189189189189,3.1,0,91,12.3,347,"miércoles",0.0108108108108108,0.464864864864865,0.397297297297297,0.127027027027027,0
"348",2017-12-14,342,65,0.190058479532164,8.3,-9999,97,13.1,348,"jueves",0.00584795321637427,0.453216374269006,0.391812865497076,0.149122807017544,0
"349",2017-12-15,351,65,0.185185185185185,4.5,-9999,-9999,9.8,349,"viernes",0.00284900284900285,0.50997150997151,0.376068376068376,0.111111111111111,0
"350",2017-12-16,278,41,0.147482014388489,0,-9999,-9999,7.6,350,"sábado",0.00719424460431655,0.496402877697842,0.377697841726619,0.118705035971223,0
"351",2017-12-17,302,67,0.221854304635762,0,-9999,-9999,7.2,351,"domingo",0.0033112582781457,0.443708609271523,0.427152317880795,0.125827814569536,0
"352",2017-12-18,383,76,0.198433420365535,0,-9999,-9999,8.9,352,"lunes",0.010443864229765,0.475195822454308,0.35509138381201,0.154046997389034,0.00522193211488251
"353",2017-12-19,400,80,0.2,0,-9999,-9999,12.7,353,"martes",0,0.455,0.36,0.1825,0.0025
"354",2017-12-20,354,64,0.180790960451977,0,-9999,-9999,10.8,354,"miércoles",0.00564971751412429,0.474576271186441,0.38135593220339,0.138418079096045,0
"355",2017-12-21,342,66,0.192982456140351,0,1.2,72,10.7,355,"jueves",0,0.514619883040936,0.35672514619883,0.128654970760234,0
"356",2017-12-22,349,61,0.174785100286533,0,0,69,11.2,356,"viernes",0.00286532951289398,0.458452722063037,0.389684813753582,0.148997134670487,0
"357",2017-12-23,313,51,0.162939297124601,0,0.7,65,10.9,357,"sábado",0.0255591054313099,0.511182108626198,0.364217252396166,0.0958466453674121,0.00319488817891374
"358",2017-12-24,298,46,0.154362416107383,0,0,66,11.6,358,"domingo",0.0100671140939597,0.503355704697987,0.375838926174497,0.110738255033557,0
"359",2017-12-25,308,76,0.246753246753247,6.7,0.5,79,11.1,359,"lunes",0,0.353896103896104,0.438311688311688,0.194805194805195,0.012987012987013
"360",2017-12-26,405,101,0.249382716049383,27.5,2.2,92,10.1,360,"martes",0.0172839506172839,0.501234567901235,0.325925925925926,0.150617283950617,0.00493827160493827
"361",2017-12-27,438,75,0.171232876712329,9,0,84,10.7,361,"miércoles",0.0091324200913242,0.554794520547945,0.30365296803653,0.13013698630137,0.00228310502283105
"362",2017-12-28,417,83,0.199040767386091,7.5,0,96,12.4,362,"jueves",0.0119904076738609,0.455635491606715,0.410071942446043,0.122302158273381,0
"363",2017-12-29,391,82,0.209718670076726,7.7,0,96,14.4,363,"viernes",0.010230179028133,0.442455242966752,0.370843989769821,0.176470588235294,0
"364",2017-12-30,377,74,0.196286472148541,0,0,84,14.9,364,"sábado",0.0106100795755968,0.496021220159151,0.350132625994695,0.143236074270557,0
"365",2017-12-31,256,51,0.19921875,17.4,0,78,12.7,365,"domingo",0.0078125,0.44921875,0.36328125,0.171875,0.0078125
